Drzava,Igralec
Kitajska,An Dongxu
Kitajska,Ao Liting
Kitajska,Bai Baoxiang
Kitajska,Bai Guangyuan
Kitajska,Bai Yulin
Kitajska,Bao Yun
Kitajska,Bian Zhiwen
Kitajska,Cai Bihan
Kitajska,Cai Jianpeng
Kitajska,Cai Jing
Kitajska,Cai Lichen
Kitajska,Cai Wenchi
Kitajska,Cai Wenxin
Kitajska,Cao Cheng
Kitajska,Cao Cong
Kitajska,Cao Dayuan
Kitajska,Cao Hengting
Kitajska,Cao Ruxu
Kitajska,Cao Xiaoyang
Kitajska,Cao Youyin
Kitajska,Cao Zhenyu
Kitajska,Chang Hao
Kitajska,Che Zewu
Kitajska,Chen Bisen
Kitajska,Chen Boya
Kitajska,Chen Chen
Kitajska,Chen Delong
Kitajska,Chen Dongru
Kitajska,Chen Hanqi
Kitajska,Chen Hao
Kitajska,Chen Haodong
Kitajska,Chen Haoxin
Kitajska,Chen Huifang
Kitajska,Chen Jia
Kitajska,Chen Jiarui
Kitajska,Chen Lei
Kitajska,Chen Linxin
Kitajska,Chen Manqi
Kitajska,Chen Mingchuan
Kitajska,Chen Rui
Kitajska,Chen Runtao
Kitajska,Chen Si
Kitajska,Chen Siyuan
Kitajska,Chen Tuli
Kitajska,Chen Wenzheng
Kitajska,Chen Xian
Kitajska,Chen Xiaonan
Kitajska,Chen Xiaotian
Kitajska,Chen Xuan
Kitajska,Chen Xudong
Kitajska,Chen Yafeng
Kitajska,Chen Yang
Kitajska,Chen Yaoye
Kitajska,Chen Yichun
Kitajska,Chen Yifu
Kitajska,Chen Yiming
Kitajska,Chen Ying
Kitajska,Chen Yizhe
Kitajska,Chen Yunong
Kitajska,Chen Yusen
Kitajska,Chen Zhaofeng
Kitajska,Chen Zhengxun
Kitajska,Chen Zhigang
Kitajska,Chen Zijian
Kitajska,Chen Zude
Kitajska,Cheng Guan
Kitajska,Cheng Honghao
Kitajska,Cheng Jiaye
Kitajska,Cheng Xiaoliu
Kitajska,Cheng Zhengyu
Kitajska,Chu Fei
Kitajska,Chu Keer
Kitajska,Cui Bodong
Kitajska,Cui Can
Kitajska,Cui Chao
Kitajska,Cui Ning
Kitajska,Cui Qianjin
Kitajska,Dai Qigao
Kitajska,Dai Zhitian
Kitajska,Dang Yifei
Kitajska,Deng Wei
Kitajska,Ding Bo
Kitajska,Ding Hao
Kitajska,Ding Kewen
Kitajska,Ding Lie
Kitajska,Ding Ming
Kitajska,Ding Mingjun
Kitajska,Ding Shixiong
Kitajska,Ding Wei
Kitajska,Ding Yichen
Kitajska,Dong Kun
Kitajska,Dong Ming
Kitajska,Dong Tianyi
Kitajska,Dong Yan
Kitajska,Dong Yipei
Kitajska,Du Yang
Kitajska,Du Yufeng
Kitajska,Duan Rong
Kitajska,Fan Bingxu
Kitajska,Fan Tingyu
Kitajska,Fan Weijing
Kitajska,Fan Xiyu
Kitajska,Fan Yin
Kitajska,Fan Yunruo
Kitajska,Fang Hao
Kitajska,Fang Jie
Kitajska,Fang Ruoxi
Kitajska,Fang Tianfeng
Kitajska,Feng Hao
Kitajska,Feng Wei
Kitajska,Feng Yunjia
Kitajska,Fengsheng Jingyue
Kitajska,Fu Binfang
Kitajska,Fu Chong
Kitajska,Fu Jianheng
Kitajska,Fu Li
Kitajska,Gan Siyang
Kitajska,Gao Ruohuan
Kitajska,Gao Tianliang
Kitajska,Gao Xing
Kitajska,Gao Yidian
Kitajska,Gao Yongmei
Kitajska,Gao Yu
Kitajska,Geng Wenbin
Kitajska,Gong Shiyun
Kitajska,Gong Yanyu
Kitajska,Gu Li
Kitajska,Gu Lingyi
Kitajska,Gu Ruize
Kitajska,Gu Wanshan
Kitajska,Gu Zihao
Kitajska,Guan Yixin
Kitajska,Gui Wenbo
Kitajska,Guo Beiya
Kitajska,Guo Chunlin
Kitajska,Guo Juan
Kitajska,Guo Mingxin
Kitajska,Guo Tianrui
Kitajska,Guo Wenchao
Kitajska,Guo Xinyi
Kitajska,Guo Yuzheng
Kitajska,Han Enyi
Kitajska,Han Gang
Kitajska,Han Han
Kitajska,Han Jinrui
Kitajska,Han Xun
Kitajska,Han Ye
Kitajska,Han Yizhou
Kitajska,Han Zhuoran
Kitajska,Hang Tianpeng
Kitajska,Hang Xiaotong
Kitajska,He Tianning
Kitajska,He Tianyu
Kitajska,He Xin
Kitajska,He Yang
Kitajska,He Yuhan
Kitajska,Hou Jingzhe
Kitajska,Hu Aohua
Kitajska,Hu Lei
Kitajska,Hu Ranmin
Kitajska,Hu Shiqi
Kitajska,Hu Shuai
Kitajska,Hu Tian
Kitajska,Hu Xiao
Kitajska,Hu Xiaoling
Kitajska,Hu Yaoyu
Kitajska,Hu Yuefeng
Kitajska,Hu Yuhan
Kitajska,Hu Yuqing
Kitajska,Hu Zhenpeng
Kitajska,Hu Zihao
Kitajska,Hu Ziyang
Kitajska,Hua Chang
Kitajska,Hua Weirong
Kitajska,Hua Xueming
Kitajska,Hua Yigang
Kitajska,Huang Ben
Kitajska,Huang Chen
Kitajska,Huang Chunqi
Kitajska,Huang Dexun
Kitajska,Huang Jia
Kitajska,Huang Jiayi
Kitajska,Huang Jingyuan
Kitajska,Huang Jinxian
Kitajska,Huang Liangyu
Kitajska,Huang Liping
Kitajska,Huang Mingyu
Kitajska,Huang Xin
Kitajska,Huang Xiwen
Kitajska,Huang Yiming
Kitajska,Huang Yizhong
Kitajska,Huang Yunsong
Kitajska,Huang Ziping
Kitajska,Huangfu Wei
Kitajska,Ji Lili
Kitajska,Ji Rongqiang
Kitajska,Ji Xiang
Kitajska,Jia Ganglu
Kitajska,Jia Qian
Kitajska,Jia Xiaoyu
Kitajska,Jia Xinyi
Kitajska,Jia Yifan
Kitajska,Jiang Chenzhong
Kitajska,Jiang Feng
Kitajska,Jiang Jidou
Kitajska,Jiang Qirun
Kitajska,Jiang Tianqi
Kitajska,Jiang Wei
Kitajska,Jiang Weijie
Kitajska,Jiang Zhujiu
Kitajska,Jiao Shiwei
Kitajska,Jin Jing
Kitajska,Jin Lei
Kitajska,Jin Qianqian
Kitajska,Jin Shan
Kitajska,Jin Shengyu
Kitajska,Jin Weibin
Kitajska,Jin Yucheng
Kitajska,Jing Shi
Kitajska,Kang Zhanbin
Kitajska,Ke Jie
Kitajska,Kong Jie
Kitajska,Kong Xiangming
Kitajska,Kou Zhengyan
Kitajska,Lan Tian
Kitajska,Lang Jie
Kitajska,Lei Zhenkun
Kitajska,Lei Zhenti
Kitajska,Li Ang
Kitajska,Li Biqi
Kitajska,Li Chengsen
Kitajska,Li Chengze
Kitajska,Li Chenshuo
Kitajska,Li Chunhua
Kitajska,Li Cong
Kitajska,Li Daichun
Kitajska,Li Dongfang
Kitajska,Li Dongyang
Kitajska,Li Fan
Kitajska,Li Gang
Kitajska,Li Hai
Kitajska,Li Haojie
Kitajska,Li Haotong
Kitajska,Li He
Kitajska,Li Huasong
Kitajska,Li Jian
Kitajska,Li Jianyu
Kitajska,Li Jiaqing
Kitajska,Li Jie
Kitajska,Li Junkai
Kitajska,Li Kang
Kitajska,Li Kui
Kitajska,Li Le
Kitajska,Li Liang
Kitajska,Li Mengshi
Kitajska,Li Ming
Kitajska,Li Qincheng
Kitajska,Li Qinghai
Kitajska,Li Sixuan
Kitajska,Li Tianzhu
Kitajska,Li Wanpeng
Kitajska,Li Weiqing
Kitajska,Li Xiang
Kitajska,Li Xiangyu
Kitajska,Li Xiaoxi
Kitajska,Li Xiaoxi
Kitajska,Li Xinchen
Kitajska,Li Xing
Kitajska,Li Xinyi
Kitajska,Li Xiuquan
Kitajska,Li Xu
Kitajska,Li Xuanhao
Kitajska,Li Xuemeng
Kitajska,Li Xunzheng
Kitajska,Li Yachun
Kitajska,Li Yi
Kitajska,Li Ying
Kitajska,Li Ying
Kitajska,Li Yirong
Kitajska,Li Yonggang
Kitajska,Li Yuang
Kitajska,Li Yuankun
Kitajska,Li Yuanqi
Kitajska,Li Yuchuan
Kitajska,Li Zehao
Kitajska,Li Zerui
Kitajska,Li Zhangyuan
Kitajska,Li Zhe
Kitajska,Li Zhu
Kitajska,Li Ziqi
Kitajska,Lian Xiao
Kitajska,Liang Bochao
Kitajska,Liang Henian
Kitajska,Liang Weitang
Kitajska,Liang Yadi
Kitajska,Liao Guiyong
Kitajska,Liao Xingwen
Kitajska,Liao Yuanhe
Kitajska,Lin Chaohua
Kitajska,Lin Feng
Kitajska,Lin Jiaxuan
Kitajska,Lin Xuefen
Kitajska,Lin Zijie
Kitajska,Linghu Jiajun
Kitajska,Liu Bo
Kitajska,Liu Fan
Kitajska,Liu Huiling
Kitajska,Liu Jing
Kitajska,Liu Jinming
Kitajska,Liu Jun
Kitajska,Liu Li
Kitajska,Liu Qifeng
Kitajska,Liu Qinglin
Kitajska,Liu Ruohao
Kitajska,Liu Shizhen
Kitajska,Liu Sijia
Kitajska,Liu Tanghao
Kitajska,Liu Tao
Kitajska,Liu Tong
Kitajska,Liu Xi
Kitajska,Liu Xi
Kitajska,Liu Xiaoguang
Kitajska,Liu Xing
Kitajska,Liu Yanchang
Kitajska,Liu Yiyi
Kitajska,Liu Yu
Kitajska,Liu Yuanbo
Kitajska,Liu Yuhang
Kitajska,Liu Yuncheng
Kitajska,Liu Yunlong
Kitajska,Liu Yuxin
Kitajska,Liu Zhaozhe
Kitajska,Long Lin
Kitajska,Lou Luoning
Kitajska,Lou Xi
Kitajska,Lu Jia
Kitajska,Lu Jian
Kitajska,Lu Jun
Kitajska,Lu Junren
Kitajska,Lu Minquan
Kitajska,Lu Ning
Kitajska,Lu Tiansheng
Kitajska,Luan Qiucheng
Kitajska,Luo Chuyue
Kitajska,Luo Delong
Kitajska,Luo Jianwen
Kitajska,Luo Xihe
Kitajska,Luo Yan
Kitajska,Lyu Liyan
Kitajska,Lyu Xunfeng
Kitajska,Ma Guangzi
Kitajska,Ma Jingyuan
Kitajska,Ma Qingqing
Kitajska,Ma Rulong
Kitajska,Ma Shi
Kitajska,Ma Shuai
Kitajska,Ma Tianfang
Kitajska,Ma Xiaobing
Kitajska,Ma Xiaochun
Kitajska,Ma Yichao
Kitajska,Ma Yuanyuan
Kitajska,Mao Jiajun
Kitajska,Mao Ruilong
Kitajska,Mao Yanxin
Kitajska,Mao Yuheng
Kitajska,Meng Lei
Kitajska,Meng Tailing
Kitajska,Meng Yongmei
Kitajska,Meng Zhaoyu
Kitajska,Mi Yuting
Kitajska,Min Na
Kitajska,Mu Xiaohong
Kitajska,Ni Linqiang
Kitajska,Nie Weiping
Kitajska,Niu Lili
Kitajska,Niu Yutian
Kitajska,Pan Fei
Kitajska,Pan Feng
Kitajska,Pan Tingyu
Kitajska,Pan Wenjun
Kitajska,Pan Xinwei
Kitajska,Pan Yang
Kitajska,Pang Yan
Kitajska,Peng Liyao
Kitajska,Peng Quan
Kitajska,Peng Xiaofeng
Kitajska,Piao Wenyao
Kitajska,Qi Lihe
Kitajska,Qian Liuru
Kitajska,Qian Yuping
Kitajska,Qiao Ran
Kitajska,Qiao Shiyao
Kitajska,Qiao Zhijian
Kitajska,Qin Chiyuan
Kitajska,Qin Jialin
Kitajska,Qin Siyue
Kitajska,Qin Yuexin
Kitajska,Qiu Danyun
Kitajska,Qiu Jihong
Kitajska,Qiu Jinbo
Kitajska,Qiu Jun
Kitajska,Qiu Yumin
Kitajska,Qiu Yuran
Kitajska,Qiu Zilin
Kitajska,Qu Ming
Kitajska,Ren Jianming
Kitajska,Rong Jianxing
Kitajska,Rong Yi
Kitajska,Ruan Yunsheng
Kitajska,Rui Naiwei
Kitajska,Shan Ziteng
Kitajska,Shao Guang
Kitajska,Shao Weigang
Kitajska,Shao Zhenzhong
Kitajska,Shen Guosun
Kitajska,Shen Jing
Kitajska,Shen Peiran
Kitajska,Shen Ying
Kitajska,Shen Yuxin
Kitajska,Shi Jinbo
Kitajska,Shi Jinhao
Kitajska,Shi Min
Kitajska,Shi Yue
Kitajska,Shi Yulai
Kitajska,Shi Zhien
Kitajska,Shi Zhou
Kitajska,Shu Yixiao
Kitajska,Song Pengwang
Kitajska,Song Ronghui
Kitajska,Song Xuelin
Kitajska,Su Guangyue
Kitajska,Su Su
Kitajska,Sun Guanqun
Kitajska,Sun Li
Kitajska,Sun Mengsha
Kitajska,Sun Mingjie
Kitajska,Sun Pengyu
Kitajska,Sun Tengyu
Kitajska,Sun Yiguo
Kitajska,Sun Yuan
Kitajska,Tan Xiao
Kitajska,Tan Yanwu
Kitajska,Tang Chongzhe
Kitajska,Tang Jialong
Kitajska,Tang Jiawen
Kitajska,Tang Jing
Kitajska,Tang Jingxuan
Kitajska,Tang Li
Kitajska,Tang Tianyuan
Kitajska,Tang Weixing
Kitajska,Tang Yi
Kitajska,Tang Yi
Kitajska,Tang Ying
Kitajska,Tang Yinxiao
Kitajska,Tao Hanwen
Kitajska,Tao Ran
Kitajska,Tao Xin
Kitajska,Tao Xinran
Kitajska,Teng Cheng
Kitajska,Tian Ruiqi
Kitajska,Tian Ye
Kitajska,Tian Zhou
Kitajska,Tong Mengcheng
Kitajska,Tong Yulin
Kitajska,Tu Qing
Kitajska,Tu Xiaoyu
Kitajska,Tuo Jiaxi
Kitajska,Wan Enze
Kitajska,Wan Leqi
Kitajska,Wang Bendong
Kitajska,Wang Bogang
Kitajska,Wang Chao
Kitajska,Wang Chen
Kitajska,Wang Chenfan
Kitajska,Wang Cheng
Kitajska,Wang Chenxing
Kitajska,Wang Chuanhai
Kitajska,Wang Chunhui
Kitajska,Wang Chuxuan
Kitajska,Wang Dongliang
Kitajska,Wang Guanjun
Kitajska,Wang Haijun
Kitajska,Wang Haotian
Kitajska,Wang Haoyang
Kitajska,Wang Hongjun
Kitajska,Wang Hongwei
Kitajska,Wang Hui
Kitajska,Wang Hui
Kitajska,Wang Jiabao
Kitajska,Wang Jianan
Kitajska,Wang Jianhong
Kitajska,Wang Jiankun
Kitajska,Wang Jiaqi
Kitajska,Wang Jun
Kitajska,Wang Junqi
Kitajska,Wang Junxiao
Kitajska,Wang Lei
Kitajska,Wang Lei
Kitajska,Wang Lu
Kitajska,Wang Meicheng
Kitajska,Wang Mian
Kitajska,Wang Niqiao
Kitajska,Wang Pan
Kitajska,Wang Qianyu
Kitajska,Wang Qun
Kitajska,Wang Rui
Kitajska,Wang Runan
Kitajska,Wang Ruoran
Kitajska,Wang Shiyi
Kitajska,Wang Shuang
Kitajska,Wang Shuo
Kitajska,Wang Shuo
Kitajska,Wang Siyin
Kitajska,Wang Tao
Kitajska,Wang Wei
Kitajska,Wang Wencong
Kitajska,Wang Wenqi
Kitajska,Wang Xi
Kitajska,Wang Xiangru
Kitajska,Wang Xiangyun
Kitajska,Wang Xinghao
Kitajska,Wang Xiru
Kitajska,Wang Yang
Kitajska,Wang Yanhao
Kitajska,Wang Yao
Kitajska,Wang Yehui
Kitajska,Wang Yi
Kitajska,Wang Yichen
Kitajska,Wang Yimin
Kitajska,Wang Yinlingshui
Kitajska,Wang Yixin
Kitajska,Wang Youxia
Kitajska,Wang Yuan
Kitajska,Wang Yubo
Kitajska,Wang Yucheng
Kitajska,Wang Yuhui
Kitajska,Wang Yuzi
Kitajska,Wang Zejin
Kitajska,Wang Zeyu
Kitajska,Wang Zheming
Kitajska,Wang Ziang
Kitajska,Wang Zixin
Kitajska,Wei Mingrui
Kitajska,Wei Qiang
Kitajska,Wei Xintong
Kitajska,Wei Yibo
Kitajska,Wei Zixiang
Kitajska,Wen Zhaojing
Kitajska,Wen Zhaoyi
Kitajska,Weng Ziyu
Kitajska,Wu Chenjue
Kitajska,Wu Daoming
Kitajska,Wu Guangya
Kitajska,Wu Jun
Kitajska,Wu Junyi
Kitajska,Wu Kai
Kitajska,Wu Qi
Kitajska,Wu Qi Sr.
Kitajska,Wu Shuhao
Kitajska,Wu Songsheng
Kitajska,Wu Tian
Kitajska,Wu Xinyu
Kitajska,Wu Yiming
Kitajska,Wu Yulin
Kitajska,Wu Zhaoyi
Kitajska,Wu Zhenyu
Kitajska,Wu Zhenyu
Kitajska,Wu Zitian
Kitajska,Xi Yanyan
Kitajska,Xia Chenkun
Kitajska,Xiao Qi
Kitajska,Xiao Wei
Kitajska,Xiao Zebin
Kitajska,Xie Erhao
Kitajska,Xie He
Kitajska,Xie Ke
Kitajska,Xie Shaobo
Kitajska,Xu Dun
Kitajska,Xu Feiran
Kitajska,Xu Ge
Kitajska,Xu Haizhe
Kitajska,Xu Hanwen
Kitajska,Xu Jianying
Kitajska,Xu Jiawei
Kitajska,Xu Jiayang
Kitajska,Xu Jin
Kitajska,Xu Jingqi
Kitajska,Xu Jinyang
Kitajska,Xu Rongxin
Kitajska,Xu Shuxiang
Kitajska,Xu Yidi
Kitajska,Xu Ying
Kitajska,Xu Zexin
Kitajska,Xu Zhenyu
Kitajska,Xue Guanhua
Kitajska,Xue Lei
Kitajska,Yan An
Kitajska,Yan Huan
Kitajska,Yan Ning
Kitajska,Yan Ximo
Kitajska,Yan Zaiming
Kitajska,Yang Dingxin
Kitajska,Yang Dong
Kitajska,Yang Hui
Kitajska,Yang Kaiwen
Kitajska,Yang Qian
Kitajska,Yang Qiqi
Kitajska,Yang Rong
Kitajska,Yang Rundong
Kitajska,Yang Shihai
Kitajska,Yang Shuang
Kitajska,Yang Wenkai
Kitajska,Yang Xiaotian
Kitajska,Yang Yi
Kitajska,Yang Yi
Kitajska,Yang Yilun
Kitajska,Yang Zhiwen
Kitajska,Yang Zi
Kitajska,Yang Zongyu
Kitajska,Yao Jiahui
Kitajska,Yao Xiaotong
Kitajska,Yao Zheng
Kitajska,Ye Changxin
Kitajska,Ye Gui
Kitajska,Ye Jinjin
Kitajska,Yi Lingtao
Kitajska,Yin Chengzhi
Kitajska,Yin Hang
Kitajska,Yin Kuo
Kitajska,Yin Mingming
Kitajska,Yin Qu
Kitajska,Yin Songtao
Kitajska,Ying Yitao
Kitajska,Yu Bin
Kitajska,Yu Fulin
Kitajska,Yu Haoran
Kitajska,Yu Meiling
Kitajska,Yu Ping
Kitajska,Yu Qingquan
Kitajska,Yu Suhao
Kitajska,Yu Xiaodan
Kitajska,Yu Xuan
Kitajska,Yu Zhiying
Kitajska,Yuan Jie
Kitajska,Yuan Tingyu
Kitajska,Yuan Weihong
Kitajska,Yuan Xi
Kitajska,Yuan Yitian
Kitajska,Yuan Ze
Kitajska,Yue Jiayan
Kitajska,Yue Liang
Kitajska,Yue Song
Kitajska,Zeng Bingquan
Kitajska,Zeng Chudian
Kitajska,Zeng Yuanhai
Kitajska,Zeng Zhihao
Kitajska,Zhan Ying
Kitajska,Zhang Baiqing
Kitajska,Zhang Bo
Kitajska,Zhang Ce
Kitajska,Zhang Chao
Kitajska,Zhang Chenghua
Kitajska,Zhang Chenglong
Kitajska,Zhang Chi
Kitajska,Zhang Dongyue
Kitajska,Zhang Hanchen
Kitajska,Zhang Hao
Kitajska,Zhang Haowei
Kitajska,Zhang Hongjie
Kitajska,Zhang Hou
Kitajska,Zhang Huaiyi
Kitajska,Zhang Jiahao
Kitajska,Zhang Jiao
Kitajska,Zhang Jiayao
Kitajska,Zhang Junzhe
Kitajska,Zhang Li
Kitajska,Zhang Mengshi
Kitajska,Zhang Mengyao
Kitajska,Zhang Mingkang
Kitajska,Zhang Nianqi
Kitajska,Zhang Peipei
Kitajska,Zhang Qi
Kitajska,Zhang Qiang
Kitajska,Zhang Rui
Kitajska,Zhang Sen
Kitajska,Zhang Tao
Kitajska,Zhang Tao
Kitajska,Zhang Tiange
Kitajska,Zhang Wei
Kitajska,Zhang Wei
Kitajska,Zhang Weijin
Kitajska,Zhang Wendong
Kitajska,Zhang Xin
Kitajska,Zhang Xinyu
Kitajska,Zhang Xinyue
Kitajska,Zhang Xiyuan
Kitajska,Zhang Xuan
Kitajska,Zhang Xuebin
Kitajska,Zhang Xuezhong
Kitajska,Zhang Yabo
Kitajska,Zhang Yiming
Kitajska,Zhang Yingting
Kitajska,Zhang Yueran
Kitajska,Zhang Zihan
Kitajska,Zhang Zihao
Kitajska,Zhang Ziliang
Kitajska,Zhangluo Zixin
Kitajska,Zhao Baolong
Kitajska,Zhao Chenyu
Kitajska,Zhao Dong
Kitajska,Zhao Fei
Kitajska,Zhao Guanru
Kitajska,Zhao Jiannan
Kitajska,Zhao Shouxun
Kitajska,Zhao Wei
Kitajska,Zhao Xinghua
Kitajska,Zhao Yan
Kitajska,Zhao Yifang
Kitajska,Zhao Yifei
Kitajska,Zhao Yikang
Kitajska,Zhao Yucai
Kitajska,Zhao Yuhong
Kitajska,Zhao Zhelun
Kitajska,Zhao Zhongxuan
Kitajska,Zhao Ziji
Kitajska,Zheng Ce
Kitajska,Zheng Hong
Kitajska,Zheng Hongyi
Kitajska,Zheng Miaoxin
Kitajska,Zheng Xu
Kitajska,Zheng Yan
Kitajska,Zheng Yuhang
Kitajska,Zheng Zaixiang
Kitajska,Zheng Zijian
Kitajska,Zhong Chenguang
Kitajska,Zhong Wenjing
Kitajska,Zhou Bo
Kitajska,Zhou Hengyi
Kitajska,Zhou Hexi
Kitajska,Zhou Heyang
Kitajska,Zhou Hongyu
Kitajska,Zhou Kui
Kitajska,Zhou Ruiyang
Kitajska,Zhou Runmin
Kitajska,Zhou Xuan
Kitajska,Zhou Yuanjun
Kitajska,Zhou Yushan
Kitajska,Zhou Yuxuan
Kitajska,Zhou Zhenyu
Kitajska,Zhou Ziyi
Kitajska,Zhu Baoxun
Kitajska,Zhu Feihong
Kitajska,Zhu Jianshun
Kitajska,Zhu Junhuan
Kitajska,Zhu Lili
Kitajska,Zhu Renkun
Kitajska,Zhu Songli
Kitajska,Zhu Yanming
Kitajska,Zhu Yanzhen
Kitajska,Zhu Yi
Kitajska,Zhu Yuanhao
Kitajska,Zhuang Yuan
Kitajska,Zou Junjie
Koreja,Ahn Kukhyun
Koreja,An Byeongmo
Koreja,An Dalhun
Koreja,An Hyungjoon
Koreja,An Joyeong
Koreja,An Jungki
Koreja,An Kwanwuk
Koreja,An Sungjoon
Koreja,An Younggil
Koreja,Bae Deukhan
Koreja,Bae Junhee
Koreja,Bae Yunjin
Koreja,Baek Chanhee
Koreja,Baek Hyeonwoo
Koreja,Byun Sangil
Koreja,Cha Booil
Koreja,Cha Joohye
Koreja,Cha Sookwon
Koreja,Chang Doojin
Koreja,Chang Geonhyun
Koreja,Chang Hyeryeong
Koreja,Chang Myunghan
Koreja,Chang Suyeong
Koreja,Cheon Yeongseon
Koreja,Cho Daehyeon
Koreja,Cho Eunjin
Koreja,Cho Hanseung
Koreja,Cho Hunhyun
Koreja,Cho Hyeyeon
Koreja,Cho Insun
Koreja,Cho Kyungho
Koreja,Cho Mikyung
Koreja,Cho Namchul
Koreja,Cho Namkyun
Koreja,Cho Seungah
Koreja,Cho Wankyu
Koreja,Cho Yeonwoo
Koreja,Choi Byounghwan
Koreja,Choi Cheolhan
Koreja,Choi Dongeun
Koreja,Choi Eungyu
Koreja,Choi Hongyun
Koreja,Choi Hyunjae
Koreja,Choi Jaeyoung
Koreja,Choi Jeong
Koreja,Choi Jinwon
Koreja,Choi Kihoon
Koreja,Choi Kyeongho
Koreja,Choi Kyubyeong
Koreja,Choi Minseo
Koreja,Choi Munyong
Koreja,Choi Myeonghun
Koreja,Choi Wongyong
Koreja,Choi Youngchan
Koreja,Chun Poongjo
Koreja,Do Eungyo
Koreja,Geum Jiwoo
Koreja,Ha Chanseok
Koreja,Ha Hojung
Koreja,Ha Sungbong
Koreja,Han Cheolkyun
Koreja,Han Chongjin
Koreja,Han Haewon
Koreja,Han Sangcho
Koreja,Han Sanghoon
Koreja,Han Sangsoo
Koreja,Han Sangyeol
Koreja,Han Seungjoo
Koreja,Han Taehee
Koreja,Han Wonggyu
Koreja,Han Woojin
Koreja,Heo Jaewon
Koreja,Heo Janghoi
Koreja,Heo Jin
Koreja,Heo Seohyun
Koreja,Heo Yongho
Koreja,Heo Youngrak
Koreja,Hong Jansik
Koreja,Hong Jonghyun
Koreja,Hong Kipyo
Koreja,Hong Kochnoeul
Koreja,Hong Minpyo
Koreja,Hong Mujin
Koreja,Hong Seokmin
Koreja,Hong Seongji
Koreja,Hong Taesun
Koreja,Huang Yan
Koreja,Hwang Jaeyeon
Koreja,Hwang Jinhyung
Koreja,Hwang Weonjun
Koreja,Hyun Mijin
Koreja,Hyun Yoobin
Koreja,Im Changsik
Koreja,Im Kyungchan
Koreja,Im Sanggyu
Koreja,Im Seongkeun
Koreja,Im Soontaek
Koreja,Jang Eunbin
Koreja,Jen Joonhak
Koreja,Jen Yongsoo
Koreja,Jen Youngkyu
Koreja,Jeong Chanho
Koreja,Jeong Daesang
Koreja,Jeong Dongsik
Koreja,Jeong Dooho
Koreja,Jeong Seojun
Koreja,Jeong Seunghyun
Koreja,Jeong Suhyeon
Koreja,Jeong Woojin
Koreja,Jeong Yeonwoo
Koreja,Jeong Yujin
Koreja,Jimmy Cha
Koreja,Jin Donggyu
Koreja,Jin Siyoung
Koreja,Jong Hunhyun
Koreja,Jong Hyeonsan
Koreja,Ju Chihong
Koreja,Ju Hyeongwuk
Koreja,Kang Byeongkwon
Koreja,Kang Changbae
Koreja,Kang Cheolmin
Koreja,Kang Dajeong
Koreja,Kang Dongyun
Koreja,Kang Hun
Koreja,Kang Hun
Koreja,Kang Jibum
Koreja,Kang Jihoon
Koreja,Kang Jiseong
Koreja,Kang Jisoo
Koreja,Kang Manwoo
Koreja,Kang Seunghee
Koreja,Kang Seungmin
Koreja,Kang Taehun
Koreja,Kang Woohyuk
Koreja,Kang Yootaek
Koreja,Kim Beomseo
Koreja,Kim Changhoon
Koreja,Kim Chanwu
Koreja,Kim Cheayoung
Koreja,Kim Chongsu
Koreja,Kim Chuljung
Koreja,Kim Daehee
Koreja,Kim Daeyoung
Koreja,Kim Dayoung
Koreja,Kim Deokkyu
Koreja,Kim Donghee
Koreja,Kim Donghee
Koreja,Kim Dongho
Koreja,Kim Dongmyeon
Koreja,Kim Dongwoo
Koreja,Kim Dongyeop
Koreja,Kim Eunji
Koreja,Kim Eunseon
Koreja,Kim Haksu
Koreja,Kim Heejung
Koreja,Kim Heesoo
Koreja,Kim Hwansoo
Koreja,Kim Hyelim
Koreja,Kim Hyenchan
Koreja,Kim Hyeoimin
Koreja,Kim Hyeongwan
Koreja,Kim Hyeongwoo
Koreja,Kim Hyojung
Koreja,Kim Hyokon
Koreja,Kim Hyoyoung
Koreja,Kim Hyunbin
Koreja,Kim Hyunsub
Koreja,Kim Ilhwan
Koreja,Kim In
Koreja,Kim Jaegoo
Koreja,Kim Jena
Koreja,Kim Jeongsun
Koreja,Kim Jimyeong
Koreja,Kim Jinhun
Koreja,Kim Jinhwi
Koreja,Kim Jinwoo
Koreja,Kim Jiseok
Koreja,Kim Jongbeom
Koreja,Kim Jongjoon
Koreja,Kim Joonseok
Koreja,Kim Joonyeong
Koreja,Kim Juho
Koreja,Kim Junghyun
Koreja,Kim Jwaki
Koreja,Kim Kangkeun
Koreja,Kim Kangmin
Koreja,Kim Kibum
Koreja,Kim Kihun
Koreja,Kim Kiwon
Koreja,Kim Kiyoung
Koreja,Kim Kwangsik
Koreja,Kim Kyeongeun
Koreja,Kim Kyeonghwan
Koreja,Kim Mansoo
Koreja,Kim Minho
Koreja,Kim Minhui
Koreja,Kim Minjeong
Koreja,Kim Minkyu
Koreja,Kim Minseo
Koreja,Kim Minseok
Koreja,Kim Miri
Koreja,Kim Myeongwan
Koreja,Kim Myounghoon
Koreja,Kim Nahyun
Koreja,Kim Namhun
Koreja,Kim Nokyeong
Koreja,Kim Nuri
Koreja,Kim Sangcheon
Koreja,Kim Sangin
Koreja,Kim Sangyun
Koreja,Kim Sedong
Koreja,Kim Sehyun
Koreja,Kim Seokheung
Koreja,Kim Seonbin
Koreja,Kim Seongi
Koreja,Kim Seongjae
Koreja,Kim Seongrae
Koreja,Kim Seonryong
Koreja,Kim Sesil
Koreja,Kim Seungjin
Koreja,Kim Seungjun
Koreja,Kim Sinyoung
Koreja,Kim Sonjin
Koreja,Kim Soojang
Koreja,Kim Soojin
Koreja,Kim Sooyong
Koreja,Kim Sooyoung
Koreja,Kim Sunho
Koreja,Kim Sunmi
Koreja,Kim Taehyang
Koreja,Kim Won
Koreja,Kim Wonbin
Koreja,Kim Yeongdo
Koreja,Kim Yeonghwan
Koreja,Kim Yeongkwang
Koreja,Kim Yeongsam
Koreja,Kim Yoochan
Koreja,Kim Yoontae
Koreja,Kim Yoonyoung
Koreja,Ko Jaehee
Koreja,Ko Joyeon
Koreja,Ko Keuntae
Koreja,Ko Kwangmyeong
Koreja,Ko Miso
Koreja,Kong Byeongjoo
Koreja,Kwak Wonkeun
Koreja,Kwon Hyojin
Koreja,Kwon Hyojin
Koreja,Kwon Hyungjin
Koreja,Kwon Juri
Koreja,Kwon Kapyong
Koreja,Kwon Kyeongun
Koreja,Kwon Omin
Koreja,Lee Beomjin
Koreja,Lee Bongkeun
Koreja,Lee Changho
Koreja,Lee Changseok
Koreja,Lee Chungyu
Koreja,Lee Dohyun
Koreja,Lee Donghoon
Koreja,Lee Donghui
Koreja,Lee Dongkyu
Koreja,Lee Eodukdong
Koreja,Lee Euihyun
Koreja,Lee Hajin
Koreja,Lee Hobum
Koreja,Lee Hongyeol
Koreja,Lee Hoseong
Koreja,Lee Huiseong
Koreja,Lee Hyeonjun
Koreja,Lee Hyeonwuk
Koreja,Lee Hyoungro
Koreja,Lee Hyungjin
Koreja,Lee Hyunho
Koreja,Lee Jaesung
Koreja,Lee Jaeung
Koreja,Lee Jihyun
Koreja,Lee Jihyun
Koreja,Lee Joohyung
Koreja,Lee Jooyong
Koreja,Lee Jungwon
Koreja,Lee Jungwoo
Koreja,Lee Kangwook
Koreja,Lee Kisup
Koreja,Lee Kwanchul
Koreja,Lee Kyehun
Koreja,Lee Minjin
Koreja,Lee Rupi
Koreja,Lee Sangchul
Koreja,Lee Sanghun
Koreja,Lee Sanghun
Koreja,Lee Sanghun
Koreja,Lee Sedol
Koreja,Lee Seongjae
Koreja,Lee Seungjun
Koreja,Lee Sula
Koreja,Lee Suljoo
Koreja,Lee Taehyun
Koreja,Lee Tahye
Koreja,Lee Wondo
Koreja,Lee Wonyoung
Koreja,Lee Wooram
Koreja,Lee Yeon
Koreja,Lee Yeongkyu
Koreja,Lee Yongchan
Koreja,Lee Yongshin
Koreja,Lee Youngjoo
Koreja,Lee Yujin
Koreja,Lee Yungsoo
Koreja,Min Sangyoun
Koreja,Mok Jinseok
Koreja,Moon Byungkwon
Koreja,Moon Dowon
Koreja,Moon Jihwan
Koreja,Moon Jongho
Koreja,Moon Minjong
Koreja,Moon Myunggun
Koreja,Moon Youngjik
Koreja,Moon Yubin
Koreja,Na Hyun
Koreja,Na Jonghoon
Koreja,Nam Chihyeong
Koreja,No Joonhwan
Koreja,No Yeongha
Koreja,Oh Byeongwoo
Koreja,Oh Jangwuk
Koreja,Oh Jeonga
Koreja,Oh Kyuchul
Koreja,Oh Yujin
Koreja,Ok Teukjin
Koreja,On Sojin
Koreja,Paek Daehyun
Koreja,Paek HeungSoo
Koreja,Paek Hongseok
Koreja,Paek Jihee
Koreja,Paek Seongho
Koreja,Park Byeongkyu
Koreja,Park Changmyeong
Koreja,Park Cheongsang
Koreja,Park Daeyoung
Koreja,Park Dongjoo
Koreja,Park Geunho
Koreja,Park Hamin
Koreja,Park Hyunsoo
Koreja,Park Jaekeun
Koreja,Park Jeonggeun
Koreja,Park Jihun
Koreja,Park Jihun
Koreja,Park Jihyun
Koreja,Park Jinsol
Koreja,Park Jinyeol
Koreja,Park Jinyoung
Koreja,Park Jiyeon
Koreja,Park Jiyoung
Koreja,Park Jonghoon
Koreja,Park Jongwook
Koreja,Park Jongyoel
Koreja,Park Joomin
Koreja,Park Junghwan
Koreja,Park Jungsoo
Koreja,Park Junsuck
Koreja,Park Kyuongkeun
Koreja,Park Minkyu
Koreja,Park Sangdon
Koreja,Park Sangjin
Koreja,Park Sangjoon
Koreja,Park Sangjun
Koreja,Park Seungcheol
Koreja,Park Seunghwa
Koreja,Park Seunghyeon
Koreja,Park Seungmun
Koreja,Park Seunsoo
Koreja,Park Shiun
Koreja,Park Sinyoung
Koreja,Park Siyeol
Koreja,Park Sohyun
Koreja,Park Soyul
Koreja,Park Taehee
Koreja,Park Yeongchan
Koreja,Park Yeonghun
Koreja,Park Yeonglong
Koreja,Ryu Chaehyeong
Koreja,Ryu Changjoo
Koreja,Ryu Dongwan
Koreja,Ryu Joohyun
Koreja,Ryu Minhyung
Koreja,Ryu Shinhwan
Koreja,Ryu Suhang
Koreja,Seo Bongsoo
Koreja,Seo Gunwoo
Koreja,Seo Joonghui
Koreja,Seo Musang
Koreja,Seo Nungwuk
Koreja,Seol Hyunjun
Koreja,Seon Seungmin
Koreja,Shin Jaewon
Koreja,Shin Jinseo
Koreja,Shin Minjun
Koreja,Shin Yoonho
Koreja,Sim Haesol
Koreja,Sim Jaeik
Koreja,Sim Junseop
Koreja,Son Geungi
Koreja,Song Gyusang
Koreja,Song Hyeryung
Koreja,Song Jihoon
Koreja,Song Sanghun
Koreja,Song Taekon
Koreja,Weon Seongjin
Koreja,Wi Taewoong
Koreja,Won Jehun
Koreja,Yang Jaeho
Koreja,Yang Keon
Koreja,Yang Minseok
Koreja,Yang Sangkuk
Koreja,Yang Wooseok
Koreja,Yang Yoojun
Koreja,Yeom Jeonghun
Koreja,Yoo Byungho
Koreja,Yoo Changhyuk
Koreja,Yoo Geonjae
Koreja,Yoo Haewon
Koreja,Yoo Jaeho
Koreja,Yoo Jaeseong
Koreja,Yoo Kyeongmin
Koreja,Yoo Ohseong
Koreja,You Byungyong
Koreja,Yun Chanhee
Koreja,Yun Heewoo
Koreja,Yun Hyuk
Koreja,Yun Hyunbin
Koreja,Yun Hyunseok
Koreja,Yun Jaewung
Koreja,Yun Jihee
Koreja,Yun Jongseob
Koreja,Yun Junsang
Koreja,Yun Kihyeon
Koreja,Yun Minjung
Koreja,Yun Seonghyeon
Koreja,Yun Seongsik
Koreja,Yun Yeongseon
Koreja,Yun Yeseong
Koreja,Yun Youngmin
Japonska,Abe Yoshiki
Japonska,Abe Yoshiteru
Japonska,Abe Yumiko
Japonska,Adachi Toshimasa
Japonska,Akagi Kazuo
Japonska,Akedo Kazumi
Japonska,Akiyama Jiro
Japonska,Ando Akio
Japonska,Ando Kazushige
Japonska,Ando Takeo
Japonska,Ando Toshiyuki
Japonska,Anzai Nobuaki
Japonska,Aoba Kaori
Japonska,Aoki Hirotaka
Japonska,Aoki Kikuyo
Japonska,Aoki Shinichi
Japonska,Aoyagi Hideo
Japonska,Aragaki Shun
Japonska,Aragaki Takeshi
Japonska,Arai Miyu
Japonska,Araki Issei
Japonska,Araki Masako
Japonska,Arimura Hiroshi
Japonska,Asano Hideaki
Japonska,Asano Yasuko
Japonska,Ashida Isoko
Japonska,Awaji Shuzo
Japonska,Baba Shigeru
Japonska,Bian Wenkai
Japonska,Chang Rueijie
Japonska,Chin Kaei
Japonska,Chinen Kaori
Japonska,Chino Tadahiko
Japonska,Cho Chien
Japonska,Cho Chikun
Japonska,Cho Koharu
Japonska,Cho Kosumi
Japonska,Cho Riyu
Japonska,Cho Rosho
Japonska,Cho Shoen
Japonska,Cho Sonjin
Japonska,Cho U
Japonska,Chotoku Tetsushi
Japonska,Chujo Chihiro
Japonska,Deguchi Mariko
Japonska,Doi Makoto
Japonska,Emura Kikou
Japonska,Enda Hideki
Japonska,Enda Yoichi
Japonska,Endo Takahiro
Japonska,Endo Yoshifumi
Japonska,Ezura Yuichi
Japonska,Francis Meyer
Japonska,Fu Hongmei
Japonska,Fujii Koki
Japonska,Fujii Shuya
Japonska,Fujiki Hitomi
Japonska,Fujimura Yosuke
Japonska,Fujisawa Hideyuki
Japonska,Fujisawa Hosai
Japonska,Fujisawa Kazunari
Japonska,Fujisawa Rihide
Japonska,Fujisawa Rina
Japonska,Fujita Akihiko
Japonska,Fujita Keiichiro
Japonska,Fujita Reio
Japonska,Fujiwara Akiko
Japonska,Fujiwara Katsuya
Japonska,Fukuda Masayoshi
Japonska,Fukui Masaaki
Japonska,Fukui Susumu
Japonska,Fukuoka Kotaro
Japonska,Furusho Katsuko
Japonska,Furuta Naoyoshi
Japonska,Furuya Masao
Japonska,Furuya Yutaka
Japonska,Gaku Yuzuru
Japonska,Go Seigen
Japonska,Goto Ichi
Japonska,Goto Mana
Japonska,Goto Shungo
Japonska,Ha Youngil
Japonska,Hagiwara Mutsumi
Japonska,Hagiya Kazuhiro
Japonska,Hamajima Hisayoshi
Japonska,Hamanaka Takamitsu
Japonska,Han Zenki
Japonska,Handa Dogen
Japonska,Hane Ayaka
Japonska,Hane Naoki
Japonska,Hane Shigeko
Japonska,Hane Yasumasa
Japonska,Hara Masakazu
Japonska,Hara Sachiko
Japonska,Haruyama Isamu
Japonska,Hasegawa Akira
Japonska,Hasegawa Hiro
Japonska,Hasegawa Kayoko
Japonska,Hasegawa Sunao
Japonska,Hashiguchi Mika
Japonska,Hashimoto Kan
Japonska,Hashimoto Shoji
Japonska,Hashimoto Utaro
Japonska,Hashimoto Yoshimi
Japonska,Hashimoto Yujiro
Japonska,Hashiyama Shozo
Japonska,Hata Hidefumi
Japonska,Hatanaka Hoshinobu
Japonska,Hatanaka Kimio
Japonska,Hayase Hiroshi
Japonska,Hayashi Yutaro
Japonska,Hidaka Toshiyuki
Japonska,Hikosaka Naoto
Japonska,Hino Shota
Japonska,Hiramoto Yasei
Japonska,Hirano Kaito
Japonska,Hirano Masaaki
Japonska,Hirano Norikazu
Japonska,Hiraoka Satoshi
Japonska,Hirata Hironori
Japonska,Hirata Tomoya
Japonska,Hiroe Hiroyuki
Japonska,Hiroe Katsuhiko
Japonska,Hirose Yuichi
Japonska,Hisai Keishi
Japonska,Hisajima Kunio
Japonska,Hoda Shota
Japonska,Honda Goro
Japonska,Honda Kunihisa
Japonska,Honda Mariko
Japonska,Honda Mitsuhiko
Japonska,Honda Sachiko
Japonska,Hong Maleunsaem
Japonska,Hong Seokui
Japonska,Honma Akio
Japonska,Horimoto Mitsunari
Japonska,Hosaka Mayu
Japonska,Hoshiai Shiho
Japonska,Hoshikawa Koyo
Japonska,Hoshikawa Manabu
Japonska,Hoshikawa Nobuaki
Japonska,Hoshikawa Takumi
Japonska,Hoshino Masaki
Japonska,Hoshino Toshi
Japonska,Hosokawa Senjin
Japonska,Hotta Seiji
Japonska,Hotta Yozo
Japonska,Hsu Chiayuan
Japonska,Ichiriki Ryo
Japonska,Ida Atsushi
Japonska,Ieda Ryuji
Japonska,Iguchi Hideichiro
Japonska,Iguchi Toyohide
Japonska,Iida Junya
Japonska,Ikeda Ayako
Japonska,Ikemoto Ryota
Japonska,Ikezaki Tokinori
Japonska,Imabun Taro
Japonska,Imai Kazuhiro
Japonska,Imamura Fumiaki
Japonska,Imamura Toshiya
Japonska,Imamura Yoshiaki
Japonska,Inaba Karin
Japonska,Inaba Takahiro
Japonska,Inagaki Koichi
Japonska,Inagaki Yo
Japonska,Inori Yoko
Japonska,Inoue Ayako
Japonska,Inoue Hatsue
Japonska,Inoue Kaname
Japonska,Inoue Kunio
Japonska,Inoue Machiko
Japonska,Inoue Naoki
Japonska,Inoue Naomi
Japonska,Ishibashi Chinami
Japonska,Ishida Akira
Japonska,Ishida Atsushi
Japonska,Ishida Yoshio
Japonska,Ishige Kakuo
Japonska,Ishigure Ikuro
Japonska,Ishii Akane
Japonska,Ishii Kunio
Japonska,Ishii Mamoru
Japonska,Ishii Shinzo
Japonska,Ishikura Noboru
Japonska,Isogawa Masao
Japonska,Ito Kayoko
Japonska,Ito Kenryo
Japonska,Ito Makoto
Japonska,Ito Masashi
Japonska,Ito Tomoe
Japonska,Ito Yoji
Japonska,Iwai Ryuichi
Japonska,Iwai Shinichi
Japonska,Iwamaru Taira
Japonska,Iwamoto Kaoru
Japonska,Iwata Hajime
Japonska,Iwata Saeka
Japonska,Iwata Tatsuaki
Japonska,Iyama Yuta
Japonska,Izawa Akino
Japonska,Izumitani Hideo
Japonska,Izumitani Masanori
Japonska,Izumo Tetsuya
Japonska,Jo Bunen
Japonska,Kada Katsuji
Japonska,Kageyama Toshiro
Japonska,Kageyama Toshiyuki
Japonska,Kaji Kazutame
Japonska,Kajiwara Takeo
Japonska,Kamiji Hiroki
Japonska,Kamimura Haruo
Japonska,Kamimura Kunio
Japonska,Kamiya Tetsuo
Japonska,Kan Minu
Japonska,Kanagawa Masaaki
Japonska,Kanai Tenpei
Japonska,Kanashima Tadashi
Japonska,Kanazawa Hideo
Japonska,Kanazawa Makoto
Japonska,Kanazawa Moriei
Japonska,Kanda Ei
Japonska,Kaneko Maki
Japonska,Kanno Kiyonori
Japonska,Kanno Masashi
Japonska,Kanno Naomi
Japonska,Kano Yoshinori
Japonska,Kariya Hiraku
Japonska,Kasai Koji
Japonska,Kataoka Satoshi
Japonska,Katayama Yasuo
Japonska,Kato Atsushi
Japonska,Kato Chie
Japonska,Kato Keiko
Japonska,Kato Masao
Japonska,Kato Shin
Japonska,Kato Tomoko
Japonska,Kato Yuuki
Japonska,Katsuma Shiro
Japonska,Katsura Atsushi
Japonska,Kawada Kohei
Japonska,Kawahara Yu
Japonska,Kawai Shoji
Japonska,Kawai Tetsuyuki
Japonska,Kawamoto Noboru
Japonska,Kawamura Kazunori
Japonska,Kawamura Masamichi
Japonska,Kazama Jun
Japonska,Kenmochi Joe
Japonska,Kibe Natsuki
Japonska,Kikkawa Hajime
Japonska,Kikuchi Masatoshi
Japonska,Kikuchi Yasuro
Japonska,Kim Byeongjun
Japonska,Kim Hyunjong
Japonska,Kim Pyonmin
Japonska,Kim Sujun
Japonska,Kimoto Yuka
Japonska,Kin En
Japonska,Kirimoto Kazuo
Japonska,Kishimoto Kazuo
Japonska,Kitamura Hiroshi
Japonska,Kitani Minoru
Japonska,Kitani Reiko
Japonska,Kitani Toshimi
Japonska,Kitano Ryo
Japonska,Kitazawa Masaaki
Japonska,Kiwada Kazuomi
Japonska,Kiyonari Mao
Japonska,Kiyonari Tetsuya
Japonska,Ko Iso
Japonska,Ko Iun
Japonska,Ko Mosei
Japonska,Ko Reibun
Japonska,Kobayashi Chizu
Japonska,Kobayashi Izumi
Japonska,Kobayashi Kenji
Japonska,Kobayashi Koichi
Japonska,Kobayashi Reiko
Japonska,Kobayashi Satoru
Japonska,Koda Akiko
Japonska,Kodama Kunio
Japonska,Kogawa Konyu
Japonska,Koike Yoshihiro
Japonska,Kojima Takaho
Japonska,Komatsu Daiki
Japonska,Komatsu Fujio
Japonska,Komatsu Hideki
Japonska,Komatsu Hideko
Japonska,Konagai Masaru
Japonska,Kondo Sachiko
Japonska,Kondo Toshiki
Japonska,Konishi Kazuko
Japonska,Konishi Taizo
Japonska,Konishi Yoshiakira
Japonska,Konno Tameto
Japonska,Kono Mitsuki
Japonska,Kono Rin
Japonska,Kono Takashi
Japonska,Kono Yukio
Japonska,Kori Toshio
Japonska,Kosugi Kiyoshi
Japonska,Kosugi Masaru
Japonska,Koyama Hideo
Japonska,Koyama Kuya
Japonska,Koyama Mitsuru
Japonska,Koyama Ryugo
Japonska,Koyama Shizuo
Japonska,Koyama Terumi
Japonska,Koyama Yasuo
Japonska,Kubo Hideo
Japonska,Kubo Katsuaki
Japonska,Kubota Masaru
Japonska,Kubouchi Shuchi
Japonska,Kudo Norio
Japonska,Kumaki Teruya
Japonska,Kumamoto Shusei
Japonska,Kunisawa Hiroto
Japonska,Kuo Chyoching
Japonska,Kurahashi Masayuki
Japonska,Kurahashi Shozo
Japonska,Kurita Yoshiki
Japonska,Kuroda Yukio
Japonska,Kurosawa Tadanao
Japonska,Kurotaki Masaki
Japonska,Kurotaki Masanori
Japonska,Kusaka Kaneo
Japonska,Kusunoki Teruko
Japonska,Kuwabara Ki
Japonska,Kuwabara Shun
Japonska,Kuwabara Yoko
Japonska,Kuwahara Munehisa
Japonska,Kuwamoto Shinpei
Japonska,Kuwata Yasuaki
Japonska,Lee Ishu
Japonska,Li Ting
Japonska,Maeda Nobuaki
Japonska,Maeda Ryo
Japonska,Maeda Ryoji
Japonska,Maetani Shingo
Japonska,Magari Reiki
Japonska,Makihata Taeko
Japonska,Mannami Kana
Japonska,Mannami Nao
Japonska,Maruyama Toyoji
Japonska,Mashiko Fumihiko
Japonska,Matsubara Taisei
Japonska,Matsumoto Nayoko
Japonska,Matsumoto Takehisa
Japonska,Matsumoto Tokuji
Japonska,Matsuoka Akira
Japonska,Matsuoka Hideki
Japonska,Matsuoka Teruo
Japonska,Matsuura Hideo
Japonska,Matsuura Yoshihiro
Japonska,Michael Redmond
Japonska,Mimura Kaori
Japonska,Mimura Tomoyasu
Japonska,Minami Yoshimi
Japonska,Mine Yasuhiro
Japonska,Minematsu Masaki
Japonska,Mishima Hibiki
Japonska,Mitani Tetsuya
Japonska,Mito Shuhei
Japonska,Mito Yukari
Japonska,Mitsuhara Itaro
Japonska,Mitsunaga Junzo
Japonska,Miura Taro
Japonska,Miwa Yoshiro
Japonska,Miyagawa Fumihiko
Japonska,Miyamoto Chiharu
Japonska,Miyamoto Naoki
Japonska,Miyamoto Yoshihisa
Japonska,Miyashita Shuyo
Japonska,Miyatani Fuga
Japonska,Miyazaki Hiroshi
Japonska,Miyazaki Ryutaro
Japonska,Miyazaki Shimako
Japonska,Miyazawa Goro
Japonska,Mizokami Tomochika
Japonska,Mizuma Toshifumi
Japonska,Mizuno Hiromi
Japonska,Mizuno Hiroshi
Japonska,Mizuno Ichiro
Japonska,Mizuta Yoshihiro
Japonska,Mizutani Morie
Japonska,Mochizuki Kenichi
Japonska,Mori Chisaki
Japonska,Mori Hironobu
Japonska,Morikawa Masao
Japonska,Morino Setsuo
Japonska,Morishima Kaoru
Japonska,Morita Michihiro
Japonska,Moriyama Naoki
Japonska,Moro Arisa
Japonska,Motoki Katsuya
Japonska,Mukai Chiaki
Japonska,Mukai Kaori
Japonska,Mukai Kazuo
Japonska,Mukai Kozue
Japonska,Mukai Toshinari
Japonska,Murakami Akihide
Japonska,Murakami Fukashi
Japonska,Murakawa Daisuke
Japonska,Muramatsu Hiroki
Japonska,Muramatsu Ryuichi
Japonska,Muramoto Wataru
Japonska,Muraoka Mika
Japonska,Muraoka Shigeyuki
Japonska,Murashima Yoshinori
Japonska,Mutsuura Yuta
Japonska,Nabeshima Akira
Japonska,Nabeshima Ichiro
Japonska,Nagahara Yoshiaki
Japonska,Naganuma Makoto
Japonska,Nagasaki Yuji
Japonska,Nagashima Kozue
Japonska,Nakagawa Shinji
Japonska,Nakahama Konosuke
Japonska,Nakajima Mieko
Japonska,Nakamura Hidehito
Japonska,Nakamura Kuniko
Japonska,Nakamura Shinya
Japonska,Nakamura Sumire
Japonska,Nakamura Yutaro
Japonska,Nakane Naoyuki
Japonska,Nakano Hironari
Japonska,Nakano Shoya
Japonska,Nakano Yasuhiro
Japonska,Nakao Jungo
Japonska,Nakaoka Jiro
Japonska,Nakaonoda Tomomi
Japonska,Nakayama Kaoru
Japonska,Nakayama Noriyuki
Japonska,Nakazawa Ayako
Japonska,Nakazono Seizo
Japonska,Narusawa Yasuichi
Japonska,Ninomiya Hideko
Japonska,Nishi Takenobu
Japonska,Nishida Terumi
Japonska,Nishigami Yoshihiko
Japonska,Nishimura Jin
Japonska,Nishimura Keiji
Japonska,Nishioka Masao
Japonska,Nishiyama Shizuka
Japonska,Nobuta Shigehito
Japonska,Noguchi Hitoshi
Japonska,Numadate Sakiya
Japonska,Nyu Eiko
Japonska,O Meien
Japonska,O Rissei
Japonska,O Yuinin
Japonska,Obuchi Kotaro
Japonska,Obuchi Morito
Japonska,Oda Hiromitsu
Japonska,Oda Teppei
Japonska,Oeda Yusuke
Japonska,Ogaki Yusaku
Japonska,Ogata Masaki
Japonska,Ogawa Tomoko
Japonska,Ogoshi Ichiro
Japonska,Ohashi Hirofumi
Japonska,Ohashi Naruya
Japonska,Ohba Junya
Japonska,Ohira Shuzo
Japonska,Oka Nobumitsu
Japonska,Okada Shinichiro
Japonska,Okada Yumiko
Japonska,Okawa Takuya
Japonska,Oki Keiji
Japonska,Okubo Ichigen
Japonska,Okuda Aya
Japonska,Okuma Chikuko
Japonska,Okuma Yuto
Japonska,Okumura Hideo
Japonska,Okumura Noboru
Japonska,Okumura Yasushi
Japonska,Omori Ran
Japonska,Omori Yasushi
Japonska,Omote Yuto
Japonska,Onda Yasuhiko
Japonska,Onishi Kenya
Japonska,Onishi Ryuhei
Japonska,Ono Ayako
Japonska,Ono Koji
Japonska,Ono Nobuyuki
Japonska,Ono Takuma
Japonska,Ono Yutaka
Japonska,Onoda Takuya
Japonska,Oomote Takuto
Japonska,Osawa Kenro
Japonska,Osawa Narumi
Japonska,Osuka Seira
Japonska,Ota Ryou
Japonska,Ota Seido
Japonska,Otake Hideo
Japonska,Otake Yu
Japonska,Otani Naoki
Japonska,Oto Shozo
Japonska,Oya Koichi
Japonska,Oyama Kunio
Japonska,Ozeki Minoru
Japonska,Pan Kunyu
Japonska,Ri Yo
Japonska,Rin Kaiho
Japonska,Rin Kanketsu
Japonska,Rin Shien
Japonska,Ryu Shikun
Japonska,Sada Atsushi
Japonska,Sai Kimen
Japonska,Saijo Masataka
Japonska,Saito Tadashi
Japonska,Sakaguchi Ryuzo
Japonska,Sakai Hideyuki
Japonska,Sakai Isao
Japonska,Sakai Kentaro
Japonska,Sakai Maki
Japonska,Sakai Masanori
Japonska,Sakai Michiharu
Japonska,Sakai Takashi
Japonska,Sakai Takeshi
Japonska,Sakai Yuki
Japonska,Sakakibara Fumiko
Japonska,Sakakibara Masateru
Japonska,Sakakibara Shoji
Japonska,Sakamaki Kosuke
Japonska,Sakamoto Yasuo
Japonska,Sakata Eio
Japonska,Sakuramoto Ayako
Japonska,Sanno Hirotaka
Japonska,Sano Kuniko
Japonska,Sano Takatsugu
Japonska,Sasaka Shiro
Japonska,Sasaki Tadashi
Japonska,Sasaki Tsuyoshi
Japonska,Sato Fumitoshi
Japonska,Sato Kaoru
Japonska,Sato Machiko
Japonska,Sato Masaharu
Japonska,Sato Sunao
Japonska,Sato Yohei
Japonska,Sato Yuta
Japonska,Segawa Yoshio
Japonska,Seki Kazuya
Japonska,Seki Kotaro
Japonska,Seki Tatsuya
Japonska,Sekine Naohisa
Japonska,Sekiyama Riichi
Japonska,Sekiyama Toshimichi
Japonska,Sekiyama Toshio
Japonska,Seo Hisashi
Japonska,Seto Taiki
Japonska,Shibano Ryunosuke
Japonska,Shibano Toramaru
Japonska,Shibusawa Machiko
Japonska,Shida Tatsuya
Japonska,Shigekawa Akishi
Japonska,Shigekawa Keigo
Japonska,Shigeno Yuki
Japonska,Shimada Yoshikuni
Japonska,Shimamura Michihiro
Japonska,Shimamura Toshihiro
Japonska,Shimizu Takuya
Japonska,Shimohira Akio
Japonska,Shimoji Gensho
Japonska,Shimojima Yohei
Japonska,Shimosaka Miori
Japonska,Shinkai Hiroko
Japonska,Shinoda Hideyuki
Japonska,Shinoda Yuya
Japonska,Shinohara Masami
Japonska,Shintani Yousuke
Japonska,Shirae Haruhiko
Japonska,Shiraishi Kyoko
Japonska,Shiraishi Yuichi
Japonska,Shiraishi Yutaka
Japonska,Shiratori Sumiko
Japonska,Shiung Feng
Japonska,Shoji Kazuko
Japonska,Shuto Shun
Japonska,So Kofuku
Japonska,So Yokoku
Japonska,Sometani Kazuo
Japonska,Son Hideyo
Japonska,Sonoda Yasutaka
Japonska,Sonoda Yuichi
Japonska,Sotoyanagi Sebun
Japonska,Su Kaiseki
Japonska,Sugimoto Akira
Japonska,Sugiuchi Kazuko
Japonska,Sugiuchi Masao
Japonska,Sumi Shinsuke
Japonska,Sumino Takeshi
Japonska,Sumino Tsunehiro
Japonska,Sun Zhe
Japonska,Suzukawa Natsumi
Japonska,Suzuki Ayumi
Japonska,Suzuki Etsuo
Japonska,Suzuki Goro
Japonska,Suzuki Isao
Japonska,Suzuki Keiji
Japonska,Suzuki Masaharu
Japonska,Suzuki Shinji
Japonska,Suzuki Takeo
Japonska,Suzuki Tamejiro
Japonska,Suzuki Tsuna
Japonska,Suzuki Yoshimichi
Japonska,Tafu Kae
Japonska,Taguchi Misei
Japonska,Tahara Yasufumi
Japonska,Tainaka Shin
Japonska,Tajima Shingo
Japonska,Tajiri Yuto
Japonska,Takabayashi Masahiro
Japonska,Takabayashi Takuji
Japonska,Takagawa Kaku
Japonska,Takagi Junpei
Japonska,Takagi Shoichi
Japonska,Takahara Shuji
Japonska,Takahashi Hideo
Japonska,Takahashi Isao
Japonska,Takahashi Masumi
Japonska,Takahashi Toshimitsu
Japonska,Takamizawa Tadao
Japonska,Takamure Tetsuro
Japonska,Takanashi Seiken
Japonska,Takano Hideki
Japonska,Takao Mari
Japonska,Takao Shinji
Japonska,Takashima Takeshi
Japonska,Takashima Yugo
Japonska,Takatsu Masaaki
Japonska,Takayama Befumi
Japonska,Takeda Hakuai
Japonska,Takeda Masako
Japonska,Takeda Misawo
Japonska,Takeda Yoshinori
Japonska,Takei Taishin
Japonska,Takei Takashi
Japonska,Takekiyo Isamu
Japonska,Takemiya Masaki
Japonska,Takemiya Youkou
Japonska,Takeshita Ryoya
Japonska,Takeuchi Kosuke
Japonska,Takiguchi Isoko
Japonska,Takiguchi Masaki
Japonska,Tamai Shin
Japonska,Tamaki Shinobu
Japonska,Tamura Chiaki
Japonska,Tanaka Chieko
Japonska,Tanaka Hideharu
Japonska,Tanaka Koyu
Japonska,Tanaka Minaichi
Japonska,Tanaka Nobuyuki
Japonska,Tanaka Yuki
Japonska,Tanemura Sayuri
Japonska,Taniguchi Toru
Japonska,Taniguchi Toshinori
Japonska,Tanimiya Ayako
Japonska,Tanimiya Teiji
Japonska,Tanimura Kuniko
Japonska,Tanimura Yoshiyuki
Japonska,Tatsumi Akane
Japonska,Tei Meiki
Japonska,Tei Meiko
Japonska,Terada Kenichi
Japonska,Terada Shuta
Japonska,Terayama Rei
Japonska,Tobita Saki
Japonska,Tokimoto Hajime
Japonska,Tokunaga Hirohisa
Japonska,Tominaga Takeshi
Japonska,Tono Hiroaki
Japonska,Tono Masaharu
Japonska,Torii Yuta
Japonska,Toriki Hiroshi
Japonska,Toyoda Hirohito
Japonska,Tozawa Akinobu
Japonska,Tsuchida Masamitsu
Japonska,Tsuji Hana
Japonska,Tsuji Shigehito
Japonska,Tsujii Ryotaro
Japonska,Tsukada Chiharu
Japonska,Tsukuda Akiko
Japonska,Tsuneishi Takashi
Japonska,Tsurumaru Keiichi
Japonska,Tsuruta Kazushi
Japonska,Tsuruyama Atsushi
Japonska,Uchida Shuhei
Japonska,Ueda Takashi
Japonska,Ueki Yoshio
Japonska,Ueno Asami
Japonska,Ueno Risa
Japonska,Ukita Masayuki
Japonska,Umeda Haruhiko
Japonska,Umeki Suguru
Japonska,Umezawa Yukari
Japonska,Ushikubo Yoshitaka
Japonska,Ushinohama Satsuo
Japonska,Utani Syunta
Japonska,Utsumi Koki
Japonska,Wang Jingyi
Japonska,Watanabe Hideo
Japonska,Watanabe Kandai
Japonska,Watanabe Kouki
Japonska,Watanabe Reiji
Japonska,Watanabe Shokichi
Japonska,Watanabe Yuu
Japonska,Wu Baiyi
Japonska,Xiao Yuyang
Japonska,Xie Yimin
Japonska,Yahata Naoki
Japonska,Yamabe Toshiro
Japonska,Yamada Kimio
Japonska,Yamada Noriyoshi
Japonska,Yamada Shiho
Japonska,Yamada Shinji
Japonska,Yamada Takuji
Japonska,Yamada Wakio
Japonska,Yamamori Tadanao
Japonska,Yamamoto Kentaro
Japonska,Yamamoto Masato
Japonska,Yamanouchi Masaki
Japonska,Yamashiro Hiroshi
Japonska,Yamashita Keigo
Japonska,Yamazaki Masuo
Japonska,Yamazaki Yoshihiro
Japonska,Yamikumo Tsubasa
Japonska,Yanagawa Hiromasa
Japonska,Yanagisawa Satoshi
Japonska,Yanagiuchi Emiko
Japonska,Yanaka Katsunori
Japonska,Yao Zhiteng
Japonska,Yashiro Kumiko
Japonska,Yasuda Akika
Japonska,Yasuda Yasutoshi
Japonska,Yata Naoki
Japonska,Yi Liao
Japonska,Yo Kaei
Japonska,Yo Kagen
Japonska,Yoda Norimoto
Japonska,Yoda Ozora
Japonska,Yokochi Susumu
Japonska,Yokota Hinano
Japonska,Yokota Shigeaki
Japonska,Yokotsuka Riki
Japonska,Yokoyama Koichi
Japonska,Yokoyama Kunitada
Japonska,Yoshida Harumi
Japonska,Yoshida Mika
Japonska,Yoshida Shoji
Japonska,Yoshida Yoichi
Japonska,Yoshida Yoichi
Japonska,Yoshihara Yukari
Japonska,Yoshioka Kaoru
Japonska,Yu Zhengqi
Japonska,Yukawa Mitsuhisa
Japonska,Yuki Satoshi
Japonska,Yun Chunho
Tajvan,Bai Xinhui
Tajvan,Cai Chengwei
Tajvan,Cai Wenhe
Tajvan,Chen Changqing
Tajvan,Chen Feng
Tajvan,Chen Guanwei
Tajvan,Chen Guoxing
Tajvan,Chen Huimin
Tajvan,Chen Meifan
Tajvan,Chen Mingjin
Tajvan,Chen Pinhua
Tajvan,Chen Qianyu
Tajvan,Chen Qingqin
Tajvan,Chen Qingyu
Tajvan,Chen Qirui
Tajvan,Chen Qiulong
Tajvan,Chen Shaoquan
Tajvan,Chen Shi
Tajvan,Chen Shiyuan
Tajvan,Chen Shoulian
Tajvan,Chen Weiting
Tajvan,Chen Xi
Tajvan,Chen Xin
Tajvan,Chen Yanru
Tajvan,Chen Yida
Tajvan,Chen Yixiang
Tajvan,Chen Yongan
Tajvan,Chen Yongqi
Tajvan,Dai Jiashen
Tajvan,Dang Xiyun
Tajvan,Ding Shaojie
Tajvan,Dong Youtang
Tajvan,Fan Yangbo
Tajvan,Gao Yun
Tajvan,Gou Yubang
Tajvan,He Chengwei
Tajvan,Hei Jiajia
Tajvan,Huang Chengyi
Tajvan,Huang Daolong
Tajvan,Huang Shiyuan
Tajvan,Huang Wei
Tajvan,Huang Xiangren
Tajvan,Huang Xiupu
Tajvan,Huang Yancheng
Tajvan,Huang Youteng
Tajvan,Jian Jingting
Tajvan,Jian Lichen
Tajvan,Jian Yihong
Tajvan,Kang Xuanhao
Tajvan,Lai Junfu
Tajvan,Lai Youcheng
Tajvan,Li Hanlin
Tajvan,Li Jiaxin
Tajvan,Li Jingbin
Tajvan,Li Kuihan
Tajvan,Li Wei
Tajvan,Li Zhen
Tajvan,Li Zhenxiong
Tajvan,Liao Guanhong
Tajvan,Lin Boyu
Tajvan,Lin Hanzhang
Tajvan,Lin Hongbing
Tajvan,Lin Jiehan
Tajvan,Lin Junyan
Tajvan,Lin Lixiang
Tajvan,Lin Ming
Tajvan,Lin Shengxian
Tajvan,Lin Shengyi
Tajvan,Lin Shimin
Tajvan,Lin Shixun
Tajvan,Lin Shuyang
Tajvan,Lin Tingyi
Tajvan,Lin Xiaotong
Tajvan,Lin Xinwei
Tajvan,Lin Xiuping
Tajvan,Lin Yancheng
Tajvan,Lin Yiting
Tajvan,Lin Yuting
Tajvan,Lin Yuxiang
Tajvan,Lin Zhihan
Tajvan,Lin Ziyuan
Tajvan,Liu Chuanting
Tajvan,Liu Jianchang
Tajvan,Liu Yaowen
Tajvan,Liu Yifang
Tajvan,Lu Yiquan
Tajvan,Lu Yuhua
Tajvan,Niu Shite
Tajvan,Peng Jinghua
Tajvan,Peng Zunde
Tajvan,Qin Shi
Tajvan,Rao Ruiyong
Tajvan,Shi Jingyao
Tajvan,Shu Jingwen
Tajvan,Su Shengfang
Tajvan,Sun Weixun
Tajvan,Wang Xiangjie
Tajvan,Wang Xuechuan
Tajvan,Wang Yuanjun
Tajvan,Wang Yunzhong
Tajvan,Wang Zhihong
Tajvan,Wei Haoting
Tajvan,Wu Wenting
Tajvan,Wu Yanchen
Tajvan,Xia Daming
Tajvan,Xia Xianyu
Tajvan,Xiao Ailin
Tajvan,Xiao Ruishan
Tajvan,Xiao Zhenghao
Tajvan,Xie Donglin
Tajvan,Xie Yixun
Tajvan,Xu Changzheng
Tajvan,Xu Haohong
Tajvan,Xu Jingen
Tajvan,Xu Yuqi
Tajvan,Yang Bowei
Tajvan,Yang Mengyun
Tajvan,Yang Zhide
Tajvan,Yang Zixuan
Tajvan,Yang Zonglin
Tajvan,Ye Hongyuan
Tajvan,You Haoyu
Tajvan,Yu Binghuang
Tajvan,Yu Chengrui
Tajvan,Yu Lijun
Tajvan,Zeng Pinjie
Tajvan,Zeng Yuchen
Tajvan,Zhan Pinjia
Tajvan,Zhan Yidian
Tajvan,Zhang Jiahuan
Tajvan,Zhang Kaixin
Tajvan,Zhang Tingwei
Tajvan,Zhang Yuanrong
Tajvan,Zhang Zhehao
Tajvan,Zhang Zhengping
Tajvan,Zhao Peizhe
Tajvan,Zhou Junxun
Tajvan,Zhou Keping
Tajvan,Zhou Pingqiang
Tajvan,Zhou Xianheng
Tajvan,Zhou Xufeng
Tajvan,Zhou Yinnan
Tajvan,Zhu Shaowei
Tajvan,Zhuang Chengjun
Ostali,Aaron Ye
Ostali,Alexander Dinerchtein
Ostali,Alexej Lazarev
Ostali,Ali Jabarin
Ostali,Andrey Kulkov
Ostali,Andrii Kravets
Ostali,Andy Liu
Ostali,Anton Chernykh
Ostali,Antti Tormanen
Ostali,Ariane Ougier
Ostali,Artem Kachanovskyi
Ostali,Arved Pittner
Ostali,Benjamin Lockhart
Ostali,Brandon Zhou
Ostali,Brandy Tuan
Ostali,Catalin Taranu
Ostali,Chang Fukang
Ostali,Chen Naishen
Ostali,Chen Wanyu
Ostali,Chen Xinyu
Ostali,Chen Zhaonian
Ostali,Chen Zhixuan
Ostali,Cornel Burzo
Ostali,Cristian Pop
Ostali,Csaba Mero
Ostali,David Lee
Ostali,Diana Koszegi
Ostali,Dina Burdakova
Ostali,Dusan Mitic
Ostali,Eduardo Lopez
Ostali,Elvina Kalsberg
Ostali,Eric Lui
Ostali,Evan Lin
Ostali,Fan Hui
Ostali,Feng Yun
Ostali,Fernando Aguilar
Ostali,Frank Janssen
Ostali,Franz-Josef Dickhut
Ostali,Fredrik Blomback
Ostali,Gansheng Shi
Ostali,Gao Jiyang
Ostali,Ge Yongfei
Ostali,Geert Groenen
Ostali,Grigorij Fionin
Ostali,Guo Yiming
Ostali,Hans Pietsch
Ostali,He Xiaoren
Ostali,Ilya Shikshin
Ostali,James Kerwin
Ostali,Janice Kim
Ostali,Jian Ying
Ostali,Jiang Mingjiu
Ostali,John Lee
Ostali,Jonas Welticke
Ostali,Justin Ching
Ostali,Kevin Yang
Ostali,Ko Daehyuk
Ostali,Krit Jamkachornkiat
Ostali,Kwa Jiehui
Ostali,Laura Avram
Ostali,Li Jie
Ostali,Lim Jungho
Ostali,Lionel Zhang
Ostali,Lukas Podpera
Ostali,Manuela Marz
Ostali,Mateusz Surma
Ostali,Matthew Macfadyen
Ostali,Melissa Cao
Ostali,Natalia Kovaleva
Ostali,Nikola Mitic
Ostali,Oh Seungmin
Ostali,Oscar Vazquez
Ostali,Pavol Lisy
Ostali,Pongsakarn Sornarra
Ostali,Rafif Shidqi Fitrah
Ostali,Rita Pocsai
Ostali,Rob van Zeijst
Ostali,Ronald Schlemper
Ostali,Ryan Li
Ostali,Sha Sha
Ostali,Stanislaw Frejlak
Ostali,Su Geping
Ostali,Svetlana Shikshina
Ostali,Tanguy Le Calve
Ostali,Thomas Debarre
Ostali,Thomas Hsiang
Ostali,Timur Sankin
Ostali,Vanessa Wong
Ostali,Viacheslav Kaymin
Ostali,Viktor Bogdanov
Ostali,Viktor Lin
Ostali,Virzhinia Shalneva
Ostali,Wang Senfeng
Ostali,Wang Yinli
Ostali,Willis Huang
Ostali,Yang Huiren
Ostali,Yang Jing
Ostali,Yang Jinhua
Ostali,Yu Jin
Ostali,Zhao Pei
AI,Abacus
AI,AQ
AI,CGI
AI,DeepZenGo
AI,Dolbaram
AI,ELF OpenGo
AI,Fine Art
AI,Golaxy
AI,Google DeepMind AlphaGo
AI,Leela Zero
AI,PhoenixGo
AI,Tianrang
